delta_longi,sst,atms,u10,v10
0,-78.076,54.293,-0.75,-1
0,-74.075,59.569,-1,-1.25
93,-79.66,59.967,-1,-1.25
-92.9,-49.656,50.357,-1.25,-1.5
0,-69.159,41.547,-1.25,-1.5
0,-66.159,127.242,-1.25,-1.5
0,-65.408,101.613,-1.25,-1.5
0,-94.659,66.87,-1.25,-1.5
0,-142.256,76.236,-1.5,-1.75
0,-149.871,77.277,-1.5,-1.75
0,-154.314,56.464,-1.5,-1.75
0,-160.66,52.301,-1.5,-1.75
0,-113.063,60.626,-1.5,-1.75
0,-117.505,67.911,-1.75,-2
0,-108.331,103.745,-1.75,-2
0,-108.331,110.871,-1.75,-2
0,-167.645,180.095,-1.75,-2
0,-174.706,180.095,-1.75,-2
0,-174.706,160.753,-2,-2.25
0,-178.237,160.753,-2,-2.25
0,-169.057,134.285,-2,-2.25
0,-135.164,95.602,-2,-2.25
0,-96.27,75.115,-2,-2.25
0.1,-116.054,79.402,-2.25,-2.5
0,-135.839,66.539,-2.25,-2.5
0,-111.343,68.683,-2.25,-2.5
0,-96.27,100.841,-2.25,-2.5
0,-100.979,85.834,-2.25,-2.5
0,-86.848,79.402,-2.25,-2.5
0.8,-80.003,57.757,-2.5,-2.75
-0.7,-86.616,38.807,-2.5,-2.75
0,-46.943,63.742,-2.5,-2.75
0,-46.943,73.716,-2.5,-2.75
0,-63.473,105.634,-2.5,-2.75
0.2,-70.085,113.613,-2.5,-2.75
0,-88.946,109.904,-2.5,-2.75
0,-201.991,100.131,-2.5,-2.75
0.5,-196.853,96.577,-2.5,-2.75
-0.4,-169.105,103.685,-2.5,-2.75
0,-150.606,120.565,-2.5,-2.75
0,-136.22,115.234,-2.5,-2.75
0.1,-129.025,122.342,-2.25,-2.5
0,-86.466,45.692,-2.25,-2.5
0,-100.421,55.982,-2.25,-2.5
0,-136.577,98.172,-2.25,-2.5
0,-149.898,119.78,-2.25,-2.5
0,-184.151,139.331,-2.25,-2.5
0,-206.352,168.144,-2.25,-2.5
0,-194.927,168.667,-2.25,-2.5
0,-190.471,158.823,-2.25,-2.5
0,-181.558,133.228,-2,-2.25
0,-163.733,102.712,-2,-2.25
0,-168.19,90.899,-2,-2.25
0,-169.304,98.774,-2,-2.25
0,-118.058,56.444,-1.75,-2
0,-71.038,45.469,-1.75,-2
0.3,-95.719,61.714,-1.75,-2
0,-268.487,165.369,-1.75,-2
-0.4,-223.051,171.557,-1.75,-2
0,-179.298,133.653,-1.5,-1.75
0,-126.01,88.014,-1.5,-1.75
0,-122.719,73.37,-1.5,-1.75
0,-85.394,29.263,-1.5,-1.75
0,-256.686,139.532,-1.5,-1.75
0.4,-280.013,150.118,-1.5,-1.75
0,-203.365,170.407,-1.25,-1.5
0,-169.374,156.293,-1.25,-1.5
-0.5,-125.273,114.97,-1.25,-1.5
0.5,-84.063,41.901,-1.25,-1.5
-0.5,-128.765,62.426,-1.25,-1.5
0,-157.402,97.729,-1.25,-1.5
0,-222.359,127.284,-1.25,-1.5
-0.1,-206.294,117.433,-1.25,-1.5
0,-195.169,109.391,-1,-1.25
0,-269.677,139.907,-1,-1.25
0,-314.064,141.433,-1,-1.25
0,-340.221,149.062,-1,-1.25
0,-172.182,106.339,-1,-1.25
0,-105.601,76.586,-1,-1.25
0,-151.735,133.027,-1,-1.25
0,-157.168,133.027,-1,-1.25
0,-252.254,131.334,-0.75,-1
0,-311.117,132.463,-0.75,-1
0,-328.323,128.512,-0.75,-1
0,-331.945,127.383,-0.75,-1
0,-156.263,82.795,-0.75,-1
-0.1,-134.529,89.568,-0.75,-1
0,-115.412,99.301,-0.75,-1
0.1,-116.873,94.502,-0.75,-1
0,-73.037,100.5,-0.5,-0.75
0,-77.42,100.5,-0.5,-0.75
0,-143.175,152.083,-0.5,-0.75
0.1,-58.979,72.094,-0.5,-0.75
0,-43.092,77.17,0,-0.25
-0.1,-45.361,82.246,0,-0.25
0,-56.709,87.322,-0.25,-0.5
0,-72.595,99.504,-0.25,-0.5
-0.02,-46.496,123.869,-0.5,-0.75
0.02,-49.9,159.402,-0.5,-0.75
0,-48.366,197.09,-0.25,-0.5
0.6,-35.608,44.802,-0.25,-0.5
-0.5,-40.827,48.783,-0.25,-0.5
0,-30.389,72.672,-0.25,-0.5
0,-19.951,77.648,-0.25,-0.5
0,-18.146,72.973,-0.25,-0.5
0,-20.888,86.417,-0.25,-0.5
0,-60.919,100.702,-0.25,-0.5
0,-87.789,125.91,-0.25,-0.5
0,-105.885,137.674,-0.5,-0.75
0.5,-109.176,140.195,-0.5,-0.75
0,-37.888,146.077,-0.5,-0.75
0,-48.307,144.396,-0.5,-0.75
-0.4,-45.593,131.725,-0.5,-0.75
0,-48.788,90.814,-0.5,-0.75
0,-40.003,65.693,-0.75,-1
0,-52.782,87.943,-0.75,-1
0,-88.722,136.749,-0.75,-1
0,-127.059,188.425,-0.75,-1
0,-82.333,108.039,-0.75,-1
0,-79.138,95.12,-1,-1.25
0,-91.915,97.584,-1,-1.25
0,-108.383,89.933,-1,-1.25
0,-218.17,256.344,-1.25,-1.5
0,-242.872,287.586,-1.25,-1.5
0,-98.777,104.598,-1.25,-1.5
0.1,-104.267,116.074,-1.25,-1.5
0,-132.622,130.286,-1.25,-1.5
0,-132.622,132.071,-1.5,-1.75
0,-160.573,163.005,-1.5,-1.75
0,-151.256,114.819,-1.5,-1.75
0,-139.277,107.085,-1.5,-1.75
0,-42.264,46.46,-1.75,-2
0,-53.272,57.896,-1.75,-2
0,-80.292,87.302,-1.75,-2
0.3,-105.311,117.525,-1.75,-2
0,-54.273,128.961,-2,-2.25
-0.2,-36.26,106.089,-2,-2.25
0,-38.444,89.429,-2,-2.25
0,-37.386,78.372,-2,-2.25
0,-12,27.232,-2,-2.25
0,-20.462,50.038,-2,-2.25
0,-27.866,61.786,-2,-2.25
0.1,-42.675,81.828,-2,-2.25
0,-58.541,100.487,-2.25,-2.5
0,-32.097,70.079,-2.25,-2.5
0,-33.093,41.033,-2.25,-2.5
0,-22.812,5.116,-2.25,-2.5
0,-76.272,83.048,-2.25,-2.5
0.1,-130.76,153.526,-2.25,-2.5
0.1,-137.063,82.89,-2.25,-2.5
0,-115.646,90.032,-2.25,-2.5
0,-128.905,91.053,-2.25,-2.5
0,-147.262,82.89,-2.25,-2.5
0.1,-139.104,72.686,-2.25,-2.5
0,-86.07,78.808,-2.25,-2.5
0,-65.112,90.039,-2.25,-2.5
0,-38.742,25.05,-2.25,-2.5
0.1,-33.638,20.798,-2.25,-2.5
0,-37.041,26.872,-2.25,-2.5
0.1,-37.041,41.449,-2.5,-2.75
0,-10.91,14.128,-2.5,-2.75
0,-6.734,14.128,-2.5,-2.75
0.1,-25.944,60.014,-2.5,-2.75
0,-18.427,111.195,-2.5,-2.75
0,-19.262,133.255,-2.5,-2.75
0,-20.529,129.461,-2.5,-2.75
0.1,-24.851,108.336,-2.5,-2.75
0,-56.181,164.398,-2.5,-2.75
0,-66.984,180.648,-2.5,-2.75
0.4,-75.626,183.085,-2.5,-2.75
-0.3,-84.269,184.71,-2.5,-2.75
0,-96.153,186.335,-2.5,-2.75
0,-98.313,184.71,-2.5,-2.75
0,-95.842,184.35,-2.5,-2.75
0.1,-104.914,167.454,-2.5,-2.75
0,-77.698,117.533,-2.5,-2.75
0.1,-68.626,115.229,-2.5,-2.75
0,-83.368,197.405,-2.5,-2.75
0,-84.502,165.917,-2.5,-2.75
0.2,-71.303,102.902,-2.5,-2.75
0,-66.653,122.6,-2.5,-2.75
0,-96.875,113.704,-2.5,-2.75
0.1,-96.101,115.61,-2.5,-2.75
0,-89.376,104.288,-2.25,-2.5
0.1,-34.34,57.552,-2.25,-2.5
0,-50.155,75.078,-2.25,-2.5
0,-46.359,70.905,-2.25,-2.5
0.1,-46.455,53.475,-2.25,-2.5
0,-42.813,93.818,-2.25,-2.5
0,-47.184,98.738,-2.25,-2.5
0.6,-47.184,103.658,-2.25,-2.5
-0.5,-44.998,101.69,-2.25,-2.5
0,-25.328,39.698,-2.25,-2.5
0.5,-27.513,10.179,-2.25,-2.5
-0.4,-33.788,36.713,-2.25,-2.5
0,-30.043,36.713,-2.25,-2.5
0,-17.559,18.683,-2.25,-2.5
0,-33.788,21.258,-2.25,-2.5
0,-48.769,31.562,-2.25,-2.5
0,-76.233,44.44,-2.25,-2.5
0,-68.743,52.168,-2.25,-2.5
0,-72.413,73.943,-2.25,-2.5
0,-79.298,73.943,-2.25,-2.5
0.4,-106.837,134.28,-2.25,-2.5
-0.3,-110.968,137.9,-2.25,-2.5
0,-149.521,171.688,-2,-2.25
0,-223.502,175.317,-2,-2.25
0,-149.964,69.871,-2,-2.25
-0.1,-149.964,61.367,-2,-2.25
0,-226.221,109.66,-2,-2.25
0,-246.605,95.166,-2,-2.25
-0.1,-199.49,83.317,-2,-2.25
0,-201.367,88.729,-2,-2.25
0.5,-149.759,81.152,-2,-2.25
-0.6,-170.402,82.234,-2,-2.25
0,-107.729,164.423,-2.25,-2.5
0.6,-93.07,156.81,-2.25,-2.5
0,-158.376,189.837,-2.5,-2.75
0,-154.332,187.147,-2.5,-2.75
-0.7,-141.187,120.799,-2.5,-2.75
0,-148.265,129.765,-2.5,-2.75
-0.1,-72.273,150.954,-2.5,-2.75
0,-159.902,193.087,-2.5,-2.75
-0.1,-179.18,182.554,-2.5,-2.75
0,-83.98,131.45,-2.5,-2.75
0,-171.365,153.587,-2.75,-3
-0.1,-171.365,148.316,-2.75,-3
0,-66.301,87.13,-2.75,-3
0,-62.424,80.271,-2.75,-3
0,-87.623,85.17,-3,-3.25
0,-105.068,78.311,-3,-3.25
0,-82.158,70.923,-3,-3.25
-0.1,-89.914,45.787,-3,-3.25
0,-106.975,75.756,-3,-3.25
0,-125.586,74.789,-3.25,-3.5
-0.1,-76.104,57.337,-3.25,-3.5
0,-90.963,115.806,-3.25,-3.5
-0.1,-142.624,100.623,-3.5,-3.75
0,-135.834,113.771,-3.5,-3.75
0,-177.478,136.177,-3.5,-3.75
-0.1,-164.273,162.733,-3.5,-3.75
0,-97.654,63.679,-3.5,-3.75
-0.2,-146.609,86.658,-3.5,-3.75
-0.2,-117.959,165.875,-3.5,-3.75
0,-96.737,112.353,-3.5,-3.75
-0.1,-98.666,126.95,-3.5,-3.75
-0.1,-35.965,198.312,-3.5,-3.75
-0.1,-103.406,245.769,-3.5,-3.75
0,-95.455,61.055,-3.75,-4
0,-91.038,52.974,-3.75,-4
0,-120.191,110.697,-3.75,-4
0,-134.326,126.859,-3.75,-4
0.1,-182.621,94.226,-4,-4.25
-0.1,-207.325,82.821,-4,-4.25
-0.1,-263.18,127.679,-4,-4.25
0,-151.472,71.417,-4,-4.25
0,-157.077,113.812,-4,-4.25
0,-144.044,110.269,-4,-4.25
0,-325.433,218.321,-4,-4.25
-0.1,-300.451,234.264,-4,-4.25
0,-263.944,208.27,-4,-4.25
-0.1,-280.557,207.558,-4,-4.25
0,-187.339,90.878,-4,-4.25
-0.1,-149.499,66.688,-4,-4.25
-0.1,-111.119,96.825,-4,-4.25
-0.1,-102.051,81.802,-4,-4.25
0,-111.119,80.133,-4,-4.25
0,-104.066,107.676,-4,-4.25
0,-165.529,217.85,-4,-4.25
0.7,-198.779,202.826,-4,-4.25
0,-242.692,182.907,-4,-4.25
-0.8,-248.142,191.577,-4,-4.25
0,-264.49,146.649,-4,-4.25
0,-255.77,223.105,-4,-4.25
0,-250.526,166.415,-4,-4.25
0.8,-259.335,179.964,-4,-4.25
-0.9,-285.761,247.71,-4,-4.25
0,-267.042,239.968,-4,-4.25
0,-300.075,238.032,-3.75,-4
-0.1,-308.884,240.936,-3.75,-4
0,-245.02,162.543,-3.75,-4
0,-227.403,177.06,-3.75,-4
0,-207.641,201.128,-3.75,-4
-0.1,-200.906,217.737,-3.75,-4
0,-225.917,190.847,-3.75,-4
0.1,-237.461,171.866,-3.75,-4
-0.3,-198.02,161.584,-3.75,-4
0,-114.654,145.651,-3.75,-4
-0.1,-140.527,177.23,-3.75,-4
0,-132.766,103.307,-3.75,-4
0,-131.472,103.307,-3.75,-4
0,-156.051,103.307,-3.75,-4
0,-170.281,115.508,-3.75,-4
0.4,-262.115,160.341,-3.75,-4
-0.5,-113.921,46.939,-3.75,-4
0,-104.042,34.162,-3.75,-4
0,-97.867,18.988,-3.75,-4
0,-113.921,16.592,-3.75,-4
-0.1,-213.952,86.87,-3.75,-4
-0.1,-140.824,85.167,-3.5,-3.75
-0.6,-156.225,46.086,-3.5,-3.75
0,-194.939,149.899,-3.5,-3.75
-0.1,-200.549,124.323,-3.5,-3.75
0.4,-183.722,155.494,-3.5,-3.75
-0.6,-185.592,161.888,-3.5,-3.75
-0.1,-166.307,187.616,-3.5,-3.75
0,-200.044,181.173,-3.5,-3.75
-0.3,-206.792,181.173,-3.5,-3.75
0,-115.837,203.924,-3.5,-3.75
-0.2,-139.896,188.979,-3.5,-3.75
0,-96.844,29.912,-3.5,-3.75
-0.1,-111.607,21.463,-3.5,-3.75
0,-46.875,65.398,-3.5,-3.75
-0.1,-51.418,71.313,-3.5,-3.75
0,-90.03,114.404,-3.5,-3.75
-0.1,-112.599,116.703,-3.5,-3.75
-0.1,-128.631,96.519,-3.5,-3.75
0,-66.794,35.966,-3.5,-3.75
0,-62.977,35.966,-3.5,-3.75
0.6,-70.11,44.082,-3.5,-3.75
-0.7,-89.734,59.251,-3.5,-3.75
0.7,-97.91,70.759,-3.5,-3.75
-0.8,-133.341,32.574,-3.25,-3.5
0,-134.431,25.773,-3.25,-3.5
0,-103.906,81.744,-3.25,-3.5
-0.1,-102.816,98.483,-3.25,-3.5
-0.1,-112.626,96.275,-3.25,-3.5
0,-97.103,52.519,-3.25,-3.5
0,-99.977,55.475,-3.25,-3.5
0,-117.801,73.806,-3.25,-3.5
-0.1,-145.4,101.006,-3.25,-3.5
0.1,-141.375,138.849,-3.25,-3.5
-0.2,-137.926,137.667,-3.25,-3.5
0,-195.023,178.418,-3,-3.25
-0.2,-238.613,197.819,-3,-3.25
0,-122.009,135.621,-3,-3.25
0,-126.368,135.621,-3,-3.25
-0.2,-144.349,117.361,-3,-3.25
0,-131.166,103.155,-3,-3.25
-0.4,-140.47,109.483,-3,-3.25
0,-92.571,76.204,-3,-3.25
0,-102.143,86.204,-3,-3.25
-0.2,-127.267,107.205,-3,-3.25
-0.1,-133.249,25.201,-2.75,-3
0,-116.499,14.201,-2.75,-3
-0.1,-140.427,17.201,-3,-3.25
0.4,-110.517,92.204,-2.75,-3
-0.5,-117.849,99.539,-2.75,-3
-0.1,-144.688,125.797,-2.75,-3
-0.1,-132.657,87.603,-2.75,-3
0,-78.053,32.7,-2.75,-3
0.7,-70.649,25.538,-2.75,-3
-0.9,-54.916,76.861,-2.75,-3
97.9,-58.618,93.571,-2.75,-3
-98,-74.709,115.374,-2.75,-3
-0.1,-85.106,116.782,-2.75,-3
0,-91.505,99.876,-2.5,-2.75
0.1,-88.306,98.468,-2.5,-2.75
-0.2,-57.114,63.951,-2.5,-2.75
-0.1,-72.31,67.473,-2.5,-2.75
-0.1,-85.106,78.039,-2.5,-2.75
-0.1,-61.202,54.872,-2.5,-2.75
-0.2,-83.672,74.485,-2.5,-2.75
0,-48.618,-15.082,-2.25,-2.5
0.7,-62.999,-9.852,-2.25,-2.5
-0.9,-58.505,43.758,-2.25,-2.5
98.9,-62.101,52.257,-2.25,-2.5
-99,-73.953,34.039,-2.25,-2.5
0,-50.339,20.081,-2.25,-2.5
-0.2,-65.098,19.26,-2.25,-2.5
0,-85.76,20.081,-2,-2.25
-0.1,-103.471,51.28,-2,-2.25
0,-68.049,121.891,-2,-2.25
0.3,-41.483,101.364,-2,-2.25
-0.4,-40.583,84.977,-2,-2.25
-0.1,-47.291,69.298,-2,-2.25
0,-61.378,37.94,-2,-2.25
-0.1,-62.72,45.78,-2,-2.25
0,-54.67,61.458,-2,-2.25
-0.2,-51.987,55.579,-2,-2.25
0,-65.223,46.246,-1.75,-2
0,-68.784,59.129,-1.75,-2
-0.2,-64.035,59.935,-1.75,-2
0,-44.74,42.655,-1.5,-1.75
-0.1,-39.973,33.09,-1.5,-1.75
0,-67.391,30.883,-1.5,-1.75
0,-78.119,50.749,-1.25,-1.5
-0.1,-65.006,37.505,-1.25,-1.5
0.2,-44.74,24.997,-1.25,-1.5
-0.3,-33.298,10.569,-1,-1.25
0,-57.583,11.398,-1,-1.25
-0.2,-56.944,-11.822,-1,-1.25
0,-30.742,-1.87,-0.75,-1
-0.3,-60.14,-50.798,-0.75,-1
0,-24.898,-16.842,-0.5,-0.75
-0.4,-25.683,-17.889,-0.5,-0.75
-0.1,-2.131,-1.652,-0.25,-0.5
-0.3,-10.767,26.632,0,-0.25
-0.1,-47.778,50.926,0,-0.25
-0.3,-60.392,48.302,0,-0.25
-0.2,-65.438,36.494,0,-0.25
0,-89.352,36.546,0,-0.25
-0.3,-107.9,31.235,0,-0.25
0,-90.898,-3.581,0,-0.25
-0.1,-95.02,8.221,0,-0.25
0.6,-86.261,4.091,0,-0.25
-0.9,-94.505,-5.941,0,-0.25
-0.1,-98.626,15.893,0.25,0
-0.1,-85.231,18.253,0.25,0
-0.1,-141.399,11.273,0.25,0
-0.2,-179.518,19.374,0.25,0
0.4,-164.391,15.593,0.25,0
0,-171.652,10.732,0.25,0
-0.6,-171.652,-7.091,0,-0.25
-0.2,-187.989,-15.193,0,-0.25
-0.1,-145.029,23.695,0,-0.25
102.9,-171.652,24.235,0,-0.25
-103,-161.94,28.28,0,-0.25
-0.3,-151.154,35.433,0,-0.25
0,-134.205,22.319,0,-0.25
-0.1,-122.649,13.974,0,-0.25
-0.1,-140.369,13.974,0,-0.25
-0.6,-196.609,28.876,0,-0.25
-0.2,-107.99,-5.218,0.25,0
0,-132.817,-0.166,0.25,0
-0.3,-147.559,-2.692,0.25,0
-0.1,-63.766,1.096,0.25,0
-0.1,-55.517,-0.065,0.5,0.25
0,-51.297,-1.37,0.5,0.25
-0.3,-62.9,-1.37,0.5,0.25
-0.1,-34.421,-3.979,0.5,0.25
-0.1,-48.133,12.981,0.5,0.25
-0.3,-61.845,25.375,0.75,0.5
-0.1,-85.05,-7.893,0.75,0.5
-0.1,-90.03,13.447,0.75,0.5
-0.1,-86.377,25.324,0.75,0.5
-0.3,-74.202,24.625,0.75,0.5
-0.2,-79.072,13.447,0.75,0.5
0,-91.248,8.556,1,0.75
-0.3,-102.206,9.255,1,0.75
0,-96.118,26.022,1,0.75
-0.1,-108.08,30.943,1,0.75
-0.1,-102.77,14.082,1,0.75
-0.4,-94.804,11.488,1,0.75
-0.1,-66.481,10.839,1,0.75
-0.2,-80.642,17.324,1,0.75
-0.1,-71.792,14.082,1.25,1
-0.3,-70.115,14.025,1.25,1
-0.1,-87.543,26.682,1.5,1.25
0,-79.244,21.936,1.5,1.25
-0.1,-114.102,21.936,1.5,1.25
-0.2,-143.149,16.398,1.5,1.25
-0.1,-129.87,15.607,1.5,1.25
-0.1,-116.677,8.407,1.5,1.25
0,-133.361,18.844,1.75,1.5
0.6,-152.682,29.281,1.75,1.5
-0.9,-117.555,32.351,1.75,1.5
-0.1,-131.605,34.806,1.75,1.5
0,-181.66,39.718,1.75,1.5
-0.2,-194.833,49.541,2,1.75
-0.1,-237.862,99.271,2,1.75
-0.1,-222.934,91.289,2,1.75
0,-237.687,79.075,2,1.75
-0.2,-284.615,93.756,2.25,2
-0.1,-229.864,90.086,2.25,2
-0.1,-220.088,115.165,2.25,2
0,-246.485,138.41,2.25,2
-0.2,-244.53,118.224,2.25,2
-0.1,-184.891,98.65,2.5,2.25
-0.1,-125.327,38.523,2.5,2.25
-0.3,-133.995,26.336,2.5,2.25
-0.1,-145.914,39.24,2.75,2.5
-0.2,-142.664,27.77,2.75,2.5
0,-88.488,24.902,2.75,2.5
-0.3,-96.727,19.926,2.75,2.5
0.1,-110.931,-16.605,3,2.75
-0.2,-121.397,-5.95,3,2.75
-0.1,-133.359,-2.906,3,2.75
-0.3,-150.553,2.422,3,2.75
0,-96.515,2.455,3,2.75
-0.3,-120.02,-10.109,3.25,3
0,-71.772,29.766,3.25,3
-0.2,-73.009,42.33,3.25,3
-0.1,-59.401,32.498,3.25,3
-0.1,-47.414,27.496,3.25,3
0,-36.883,25.061,3.25,3
-0.3,-46.662,21.814,3.5,3.25
0,-78.254,8.826,3.5,3.25
-0.1,-75.997,6.391,3.5,3.25
-0.1,-51.927,3.144,3.5,3.25
0,-53.707,-4.517,3.5,3.25
0,-68.894,-13.984,3.5,3.25
-0.2,-118.452,-26.831,3.5,3.25
0,-123.248,-26.831,3.5,3.25
-0.1,-124.847,-22.098,3.5,3.25
-0.1,-119.251,-45.764,3.5,3.25
0.2,-183.997,-47.793,3.5,3.25
-0.3,-189.568,-53.8,3.5,3.25
0.3,-251.212,-74.289,3.5,3.25
-0.6,-198.25,-58.528,3.5,3.25
0,-191.304,-57.74,3.5,3.25
-0.3,-164.389,-46.708,3.25,3
-0.2,-150.574,-14.174,3.25,3
0,-139.791,-14.174,3.25,3
0.1,-136.197,-21.411,3.25,3
-0.5,-149.676,-59.661,3,2.75
0,-191.011,-66.381,3,2.75
0.5,-162.256,-43.637,3,2.75
-0.8,-229.649,10.12,3,2.75
-0.1,-215.51,2.261,3,2.75
-0.1,-202.088,-28.669,2.75,2.5
-0.4,-240.776,-36.033,2.75,2.5
0,-254.988,-46.834,2.75,2.5
-0.4,-248.672,-32.106,2.75,2.5
0,-226.834,-43.486,2.5,2.25
-0.2,-227.744,-44.11,2.5,2.25
-0.1,-225.016,-8.526,2.5,2.25
-0.1,-189.554,7.081,2.5,2.25
-0.1,-185.917,41.416,2.5,2.25
-0.2,-177.734,45.161,2.5,2.25
0.5,-195.01,-5.405,2.5,2.25
-0.6,-190.554,-0.842,2.5,2.25
-0.3,-203.274,9.793,2.5,2.25
0,-274.066,96.999,2.5,2.25
-0.1,-207.699,111.888,2.5,2.25
-0.1,-277.384,131.031,2.5,2.25
-0.2,-275.725,139.539,2.5,2.25
-0.1,-191.107,101.253,2.5,2.25
-0.1,-160.037,38.925,2.75,2.5
0.5,-186.948,26.568,2.75,2.5
-0.8,-222.394,73.25,2.75,2.5
-0.3,-183.667,68.444,2.75,2.5
-0.1,-181.701,60.213,2.75,2.5
0,-203.145,41.952,2.75,2.5
-0.2,-251.394,34.226,3,2.75
0,-188.849,9.644,3,2.75
-0.1,-197.784,-0.189,3,2.75
0,-204.932,7.537,3,2.75
-0.1,-205.826,20.179,3,2.75
-0.1,-95.032,17.37,3.25,3
0,-97.077,14.648,3.25,3
0,-91.441,-10.081,3.25,3
-0.1,-99.492,-29.605,3.25,3
0.8,-173.564,-97.286,3.5,3.25
-0.9,-160.682,-69.302,3.5,3.25
0,-146.19,-44.573,3.5,3.25
116.9,-98.687,-37.414,3.5,3.25
-117,-96.272,-36.112,3.75,3.5
0,-116.999,-52.171,3.75,3.5
0,-122.396,-61.541,3.75,3.5
0,-137.688,-60.956,3.75,3.5
0,-210.549,-65.64,4,3.75
0,-154.779,-55.099,4,3.75
0,-124.195,-33.432,4,3.75
-0.1,-123.295,-28.161,4,3.75
0.1,-166.472,-41.045,4,3.75
-0.1,-136.158,4.688,4,3.75
0.1,-101.688,-33.049,4.25,4
0,-95.942,-29.275,4.25,4
0,-86.751,-37.766,4.25,4
0,-68.366,-79.278,4.25,4
0,-91.347,-100.977,4.25,4
0.1,-95.942,-90.599,4.25,4
0,-52.28,-66.069,4.25,4
0.1,-56.387,-18.533,4.25,4
0,-77.623,-35.531,4.25,4
0,-48.021,-69.528,4.25,4
0.8,-42.229,-67.567,4.25,4
0,-64.787,-28.403,4.25,4
-0.8,-76.396,-27.209,4.25,4
0,-56.08,-0.921,4.25,4
0,-40.117,-8.09,4.25,4
0,-57.531,-47.521,4.25,4
0.8,-69.14,-30.793,4.25,4
-0.9,-49.847,-27.339,4.25,4
0,-55.38,-29.852,4.25,4
-0.1,-83.048,-26.501,4.25,4
0,-132.849,-36.553,4.25,4
0,-120.675,-17.288,4.25,4
-0.1,-136.169,38.833,4.25,4
0.1,-125.102,29.62,4.25,4
-0.2,-93.008,-13.937,4.5,4.25
0.2,-85.382,-16.678,4.5,4.25
-0.3,-74.182,-49.152,4.5,4.25
0,-106.982,-93.804,4.75,4.5
0,-155.784,-89.068,4.75,4.5
0,-106.982,-21.414,4.75,4.5
0,-105.585,-38.097,4.75,4.5
-0.1,-128.897,-37.511,5,4.75
0.4,-121.833,-132.389,5,4.75
-0.3,-125.365,-116.576,5,4.75
0.3,-215.786,-110.133,5,4.75
0,-215.786,-26.969,5,4.75
0,-235.474,-18.732,5,4.75
-0.3,-240.956,-33.185,5,4.75
0,-255.344,-87.786,5,4.75
0,-264.251,-162.728,5,4.75
0,-288.232,-117.762,5,4.75
0,-325.916,-135.427,5.25,5
0,-235.474,-125.257,5.25,5
0,-307.038,-115.781,5.25,5
0.3,-272.957,-103.446,5.25,5
-0.3,-218.547,-114.606,5.25,5
0.3,-229.309,-83.474,5.25,5
-0.3,-223.928,-108.732,5.25,5
0,-239.474,-136.34,5.25,5
0,-244.855,-170.996,5.25,5
0,-258.607,-85.824,5.25,5
0,-221.224,-70.25,5.25,5
0,-210.216,-58.233,5.25,5
0,-239.938,-78.928,5.25,5
0,-200.309,-84.936,5.25,5
0,-230.03,-129.664,5.5,5.25
0,-300.48,-183.738,5.5,5.25
0,-348.915,-214.447,5.5,5.25
0,-198.107,-98.288,5.5,5.25
0.3,-221.621,-113.311,5.5,5.25
-0.4,-230.665,-181.581,5.5,5.25
0,-260.263,-99.799,5.5,5.25
0,-168.181,-40.774,5.5,5.25
0,-182.98,-55.708,5.5,5.25
0,-182.98,-55.708,5.5,5.25
0.4,-223.74,-52.174,5.5,5.25
-0.5,-262.909,-50.693,5.5,5.25
0,-158.757,-120.313,5.75,5.5
0,-210.851,-146.543,5.75,5.5
0,-233.265,-150.834,5.75,5.5
0,-236.066,-131.096,5.75,5.5
0,-217.388,-165.424,5.75,5.5
0,-213.652,-157.7,5.75,5.5
0,-185.634,-154.267,5.75,5.5
0,-130.532,-105.351,5.75,5.5
0.5,-172.559,-115.649,6,5.75
-0.4,-163.179,-130.319,6,5.75
0,-175.973,-121.885,6,5.75
0,-209.025,-138.151,6,5.75
0,-158.914,-71.281,6,5.75
0.1,-119.465,-67.666,6,5.75
0.3,-123.73,-42.966,6,5.75
-0.2,-57.625,-3.206,6,5.75
0,-69.947,-11.69,6,5.75
0.1,-86.329,-18.065,6,5.75
0,-128.575,-65.876,6,5.75
0,-191.514,-89.781,6,5.75
0,-132.024,-41.173,6,5.75
0,-101.148,-32.025,6,5.75
0.1,-150.179,-64.168,6,5.75
0,-164.39,-68.653,6,5.75
0,-80.541,-12.59,6,5.75
0,-90.489,-11.842,6,5.75
0,-61.355,12.078,6,5.75
0,-55.01,14.122,6,5.75
0,-81.688,-27.668,6,5.75
0,-91.569,-35,6.25,6
0,-94.533,-41.599,6.25,6
117,-105.401,-56.995,6.25,6
-116.9,-113.306,-40.865,6.25,6
0,-138.995,-68.726,6.25,6
0,-162.76,-63.665,6.25,6
0.1,-186.696,-71.03,6.25,6
0,-215.12,-56.969,6.25,6
0,-246.537,-67.012,6.25,6
0.1,-196.42,-76.386,6.25,6
0,-203.152,-108.525,6.25,6
0,-290.669,-141.333,6.25,6
0,-282.416,-131.975,6.25,6
0,-344.397,-151.785,6.25,6
0,-339.763,-180.652,6.25,6
0,-274.306,-105.372,6.25,6
0,-299.214,-142.729,6.25,6
0,-419.702,-150.653,6.25,6
0.7,-366.988,-156.879,6.25,6
-0.8,-413.909,-117.259,6.25,6
0,-358.491,-112.006,6.25,6
0,-258.264,-212.688,6.25,6
0.8,-295.261,-182.634,6.25,6
0,-403.559,-193.153,6.25,6
-0.7,-403.559,-193.153,6.25,6
0,-571.725,-161.596,6.25,6
0,-332.464,-95.247,6.5,6.25
0,-264.347,-64.425,6.5,6.25
0,-280.622,-43.6,6.5,6.25
0.7,-293.281,-188.544,6.5,6.25
-0.6,-150.173,-32.482,6.25,6
0,-111.01,-63.619,6.25,6
0,-154.39,-49.348,6.25,6
0,-182.106,-39.618,6.25,6
0,-302.004,-70.754,6.25,6
0,-268.264,-40.915,6.25,6
0,-195.963,-14.968,6.25,6
0,-154.68,-8.142,6.25,6
0,-140.406,-13.437,6.25,6
0,-157.924,-12.26,6.25,6
0.6,-228.642,-72.263,6.25,6
-0.5,-187.119,-90.499,6.25,6
0,-165.06,-24.614,6.25,6
0,-191.012,-38.732,6.25,6
0,-82.664,-24.025,6.25,6
0.5,-116.895,-34.972,6.5,6.25
0,-129.295,-50.623,6.5,6.25
-0.4,-134.462,-72.863,6.25,6
0,-204.733,-100.045,6.25,6
0,-314.274,-62.155,6.25,6
0,-240.902,-126.404,6.25,6
0.4,-156.163,-76.981,6.25,6
-0.4,-233.669,-155.234,6.25,6
0,-185.444,-161.869,6.25,6
0,-110.546,-91.424,6.25,6
0,-120.126,-80.301,6.25,6
0,-182.832,-141.477,6,5.75
0,-168.897,-55.274,6,5.75
0.4,-201.992,-43.225,6,5.75
-0.5,-183.703,-31.175,6,5.75
0,-171.861,-26.273,6,5.75
0,-219.403,-63.71,6,5.75
-0.1,-258.872,-64.67,6,5.75
0,-294.752,-66.59,6,5.75
0,-155.715,10.205,6.25,6
0,-136.672,4.08,6.25,6
0,-126.466,-22.897,6.25,6
0,-134.317,-27.395,6.25,6
0,-155.514,-125.414,6.25,6
0.1,-151.589,-105.63,6.5,6.25
0,-191.628,-99.335,6.5,6.25
0,-201.834,-102.933,6.5,6.25
0,-111.55,-66.062,6.25,6
0,-83.867,-58.738,6.25,6
0,-91.419,-65.48,6.25,6
0.5,-107.151,-52.671,6.25,6
0,-82.609,-24.355,6.25,6
-0.4,-87.643,-10.197,6.25,6
0,-84.497,7.331,6.25,6
0,-49.886,11.376,6.25,6
0.4,-32.985,1.97,6.25,6
-0.5,1.844,1.97,6.25,6
0,-4.213,-8.255,6.25,6
0,-7.747,-2.12,6.25,6
0,-5.728,-2.802,6.25,6
0.5,39.068,19.894,6.25,6
-0.5,41.527,9.496,6,5.75
0.5,15.706,10.363,6.25,6
-0.6,-23.639,-55.494,6,5.75
0,-18.106,-48.562,6,5.75
0,-22.41,-23.432,6,5.75
0,-46.386,-41.629,6,5.75
0,-22.194,-28.042,6.25,6
0,-41.706,-74.914,6.25,6
0,-93.93,-40.269,6.25,6
0,-118.034,-41.798,6.25,6
0,-89.339,-8.172,6.25,6
0,-83.6,-5.115,6.25,6
0,-43.428,7.622,6.25,6
0,-60.836,2.876,6.25,6
0,-35.891,0.147,6.25,6
0,-21.732,-1.218,6.25,6
0,-31.845,-4.857,6.25,6
0,-62.185,-7.587,6.25,6
-0.1,-91.85,10.155,6.25,6
0,-157.923,-30.788,6.25,6
0,-135.03,-19.239,6.25,6
0,-139.962,-20.975,6.25,6
0,-207.05,-22.132,6.25,6
0,-134.043,-123.373,6.25,6
0,-187.319,-108.332,6.25,6
0,-324.948,-64.364,6.25,6
0,-195.705,-8.826,6.25,6
0,-174.306,-18.783,6.25,6
0.7,-130.705,-80.404,6.25,6
-0.6,-167.524,-95.167,6.25,6
0,-302.205,-103.512,6.25,6
0,-259.088,-99.019,6.25,6
0,-213.548,-65.641,6.5,6.25
0,-110.841,-54.729,6.5,6.25
0.1,-138.093,-66.77,6.5,6.25
0,-252.582,-141.512,6.5,6.25
0.5,-313.155,-140.515,6.5,6.25
-0.4,-170.709,-62.783,6.5,6.25
0.4,-132.102,-39.862,6.5,6.25
-0.3,-169.377,-12.457,6.5,6.25
-0.1,-188.936,-22.113,6.5,6.25
0,-78.13,-32.332,6.5,6.25
0,-173.5,-38.975,6.5,6.25
0,-118.924,-38.975,6.5,6.25
0,-123.334,-45.617,6.5,6.25
0,-132.706,-31.31,6.5,6.25
0.1,-117.821,-13.938,6.5,6.25
0,-75.373,-11.894,6.5,6.25
0,-77.495,-40.282,6.5,6.25
0,-115.442,-30.824,6.5,6.25
0.1,-131.967,-18.075,6.5,6.25
0,-114.83,-42.75,6.75,6.5
0.2,-78.719,-40.282,6.75,6.5
-0.1,-136.864,-48.096,6.75,6.5
0.1,-100.753,-42.339,6.75,6.5
0,-87.288,-10.672,6.75,6.5
0.1,-98.9,-23.662,6.75,6.5
0,-114.469,-37.292,6.75,6.5
0.1,-108.481,-27.217,6.75,6.5
0,-53.992,-28.995,6.75,6.5
0.1,-73.153,-24.254,6.75,6.5
0,-116.864,-28.995,6.75,6.5
-0.1,-107.175,-36.104,6.75,6.5
0,-101.48,-28.042,6.75,6.5
0,-77.434,-9.901,6.75,6.5
0,-43.263,-3.351,6.75,6.5
0,-59.083,-32.073,6.75,6.5
0,-70.473,-48.198,6.75,6.5
0,-54.298,11.176,6.75,6.5
0,-42.978,-2.817,6.75,6.5
0,-72.769,-4.264,6.75,6.5
0,-101.368,13.106,6.75,6.5
0.8,-85.876,9.729,6.75,6.5
-0.7,-20.337,28.547,6.75,6.5
0,-15.334,16.453,6.75,6.5
0,-16.295,-0.61,7,6.75
0.1,-23.978,-4.14,7,6.75
0,-53.75,13.511,7,6.75
0.1,-64.314,9.392,7,6.75
0,-68.156,29.985,7,6.75
0,-68.156,29.985,7,6.75
0.5,-29.74,-11.2,7,6.75
-0.4,-45.351,2.727,7,6.75
0,-53.334,-0.754,7,6.75
0.1,-68.16,0.117,7,6.75
0.3,-81.846,-4.234,7,6.75
-0.2,-120.622,-5.104,7,6.75
0,-65.879,37.533,7,6.75
0.2,-42.482,25.207,7,6.75
0,-43.789,-39.769,7,6.75
0.1,-39.87,-29.772,7,6.75
0,-39.87,1.882,7,6.75
0.1,-48.548,0.008,7,6.75
0,-53.47,-34.042,7,6.75
0.1,-84.23,-61.962,7,6.75
0.1,-114.991,-55.833,7,6.75
0,-150.674,-47.661,7,6.75
0.1,-143.291,-36.084,7,6.75
0.1,-133.447,-55.833,7.25,7
0,-148.213,14.309,7.25,7
0.1,-161.718,13.275,7.25,7
0,-103.528,-11.369,7.25,7
0.1,-116.459,-46.467,7.25,7
0.1,-67.159,-31.531,7.25,7
0,-43.722,-21.077,7.25,7
0,-64.735,-37.505,7.25,7
0.1,-67.968,-33.772,7.25,7
0,-10.586,12.528,7.25,7
0.1,-32.13,7.679,7.25,7
0,-23.752,-29.235,7.25,7
0.1,-18.725,-47.417,7.25,7
0,9.761,-31.439,7.25,7
0,-28.779,-45.213,7.25,7
0,-40.508,-20.971,7.25,7
0.1,-31.013,-22.073,7,6.75
0.7,-75.138,-0.586,7,6.75
-0.7,-51.971,-2.508,7,6.75
0.7,-39.88,-10.695,7,6.75
-0.7,-64.062,-34.438,7,6.75
0,-186.99,-97.48,7,6.75
0,-149.373,-74.556,7,6.75
0,-145.692,-55.33,6.75,6.5
0,-165.135,-82.485,6.75,6.5
0.7,-192.91,-89.003,6.75,6.5
-0.8,-186.661,-62.39,6.75,6.5
0,-179.536,-74.964,6.75,6.5
0,-201.448,-74.276,6.75,6.5
0,-195.472,-104.56,6.75,6.5
0,-297.727,-115.573,6.75,6.5
0.8,-188.998,41.656,6.75,6.5
-0.7,-217.595,102.616,6.75,6.5
0,-190.465,96.459,6.75,6.5
0,-135.471,28.726,6.75,6.5
0,-95.142,33.036,6.75,6.5
0,-93.675,-7.604,6.75,6.5
0.7,-115.673,-24.845,6.75,6.5
-0.6,-92.209,-0.831,6.75,6.5
0,-87.791,-14.346,6.75,6.5
0,-86.871,-18.239,6.75,6.5
0.1,-91.474,-26.673,6.75,6.5
0,-143.955,-36.405,7,6.75
0.5,-165.132,-44.84,7,6.75
-0.4,-166.053,4.469,7,6.75
0.4,-102.523,36.259,7,6.75
-0.3,-53.954,-10.239,7,6.75
0,-90.406,-20.498,7,6.75
0.1,-208.691,-7.389,7,6.75
0,-247.376,-14.229,7,6.75
0,-176.702,-23.348,7,6.75
0,-187.861,-14.229,7,6.75
0,-66.601,65.565,7,6.75
0,-46.571,62.834,7,6.75
0,-33.873,97.848,7,6.75
0.1,-76.2,112.265,7,6.75
0,12.083,87.55,7,6.75
0,26.595,97.848,7,6.75
0,82.226,74.505,7,6.75
0,74.153,60.245,7,6.75
0,54.651,25.336,7,6.75
0,47.466,23.531,7,6.75
0,56.19,-6.563,7,6.75
0.1,61.322,-17.397,7,6.75
0,3.329,-55.314,7.25,7
0,1.963,-56.558,7.25,7
0,-5.216,-67.803,7.25,7
0,-16.383,-72.8,7.25,7
114,-13.99,-102.787,7.25,7
-113.9,-17.181,-102.787,7,6.75
0,-19.573,-81.546,7,6.75
113.9,-29.942,-60.306,7,6.75
-113.9,-25.156,-24.697,7,6.75
113.9,-22.032,-9.97,7,6.75
0,-42,-27.603,7,6.75
-114,-57.53,-41.403,7,6.75
0,-58.27,-55.969,7,6.75
0,-73.8,-79.735,7,6.75
0,-90.809,-95.835,7,6.75
-0.2,-102.642,-101.201,7,6.75
-0.2,-68.627,-6.5,7,6.75
0,-65.572,-34.247,7,6.75
0,-69.85,-38.628,7.25,7
-0.2,-73.517,-24.755,7.25,7
0,-153.015,-88.394,7.5,7.25
0,-174.782,-84.007,7.5,7.25
0,-127.216,-41.385,7.5,7.25
-0.1,-112.704,-30.73,7.5,7.25
0,-131.247,-50.16,7.5,7.25
0.7,-96.233,-43.413,7.5,7.25
-0.7,-108.449,-30.785,7.5,7.25
0,-68.544,-38.096,7.5,7.25
0,-42.483,-15.498,7.5,7.25
0,-61.214,-10.845,7.5,7.25
0,-72.615,5.106,7.5,7.25
0,-62.028,24.381,7.5,7.25
0,7.195,21.058,7.5,7.25
0,-2.507,9.186,7.5,7.25
0,-5.986,6.025,7.5,7.25
-0.1,-31.507,2.075,7.5,7.25
-0.1,-79.067,24.989,7.5,7.25
0,-79.067,21.038,7.5,7.25
0,-61.667,7.606,7.5,7.25
0,-32.667,-20.839,7.5,7.25
0,-41.447,-29.6,7.5,7.25
-0.1,-27.988,-23.956,7.5,7.25
0,-100.178,-24.583,7.5,7.25
0,-113.637,-25.837,7.75,7.5
0,-75.707,22.449,7.75,7.5
0,-66.89,19.106,7.75,7.5
0,-92.598,-22.438,7.75,7.5
-0.1,-78.231,-29.032,7.75,7.5
0,-171.991,-40.901,7.75,7.5
-0.1,-230.969,-20.459,7.75,7.5
0,-264.239,-19.141,8,7.75
-0.1,-256.518,-30.495,8,7.75
0,-289.028,-94.76,8,7.75
0,-321.54,-123.918,8,7.75
0,-318.025,-137.604,8,7.75
-0.1,-265.304,-107.256,8,7.75
-0.1,-150.196,1.638,8,7.75
0,-125.062,-3.745,8,7.75
0,-126.859,-73.684,8,7.75
-0.1,-138.54,-85.233,8,7.75
-0.1,-289.48,-175.062,8.25,8
-0.1,-264.323,-135.923,8.25,8
0,-243.658,-99.349,8.25,8
0,-229.238,-90,8.25,8
0,-205.311,-87.128,8.25,8
0,-206.398,-94.308,8.25,8
-0.1,-206.398,-94.308,8.25,8
115.9,-200.961,-164.667,8.5,8.25
-116,-168.332,-83.539,8.5,8.25
-0.1,-170.656,-115.888,8.5,8.25
0,-264.059,-32.604,8.5,8.25
0,-236.135,-15.04,8.5,8.25
0,-173.545,3.656,8.5,8.25
-0.2,-157.174,-9.941,8.5,8.25
0,-116.684,-38.578,8.75,8.5
-0.1,-132.115,-43.396,8.75,8.5
0,-186.725,-80.554,8.75,8.5
-0.1,-199.781,-81.242,8.75,8.5
0,-117.871,2.021,8.75,8.5
0,-103.74,-13.856,8.75,8.5
-0.1,-179.764,-73.106,8.75,8.5
-0.1,-217.775,-107.195,8.75,8.5
0,-282.396,-116.124,8.75,8.5
-0.1,-340.682,-105.572,8.75,8.5
0,-268.029,-215.384,9,8.75
-0.1,-246.656,-191.33,8.75,8.5
-0.16,-311.795,-291.728,9,8.75
-0.04,-236.479,-306.892,9,8.75
0,-142.562,53.578,9.25,9
0,-106.765,91.116,9.25,9
0,-84.156,117.103,9.25,9
0,-37.683,17.773,9.25,9
0,-32.031,18.928,9.25,9
0,-39.567,11.42,9.5,9.25
0,-11.306,3.335,9.5,9.25
0,-8.868,4.814,9.5,9.25
0,-12.19,1.481,9.5,9.25
-0.1,-25.954,4.814,9.5,9.25
0,-7.444,-9.853,9.25,9
-0.1,-43.04,-2.519,9.25,9
0,0.625,20.814,9.25,9
0,3.953,14.981,9.25,9
0,-18.958,34.078,9.25,9
-0.1,-53.324,58.443,9.25,9
-0.03,-11.668,21.567,9.25,9
-0.01,-10.627,9.055,9.25,9
0,-9.585,43.297,9.25,9
0.04,1.87,65.028,9.5,9.25
0,14.367,17.615,9.5,9.25
0,39.274,17.767,9.5,9.25
0,50.794,14.693,9.5,9.25
0.1,12.202,5.472,9.5,9.25
0,18.538,0.861,9.75,9.5
0,27.754,3.167,9.75,9.5
0.1,1.833,-1.443,9.75,9.5
0,29.482,5.472,9.75,9.5
0,18.065,-6.783,9.75,9.5
0,10.084,-7.484,9.75,9.5
-0.1,5.731,-10.289,9.75,9.5
0,5.006,-13.094,9.5,9.25
0,23.145,-17.301,9.5,9.25
-0.4,17.34,-25.014,9.5,9.25
0,-242.624,-265.486,9.5,9.25
0,-232.892,-241.605,9.5,9.25
-0.2,-229.149,-190.433,9.5,9.25
0,-198.418,-130.069,9.75,9.5
0,-145.835,-54.365,9.75,9.5
0,-88.279,-44.788,9.75,9.5
0,-66.983,-52.191,9.75,9.5
0,-62.885,-60.605,9.75,9.5
0,-66.983,-56.999,9.75,9.5
0,-62.201,-75.63,9.75,9.5
0,-54.004,-63.61,9.75,9.5
0,-59.469,-50.388,9.75,9.5
0,-59.469,-19.738,9.75,9.5
116.9,-4.02,-1.505,9.75,9.5
-117,-3.396,-8.123,9.75,9.5
0,-2.772,-6.138,9.75,9.5
0,-13.379,19.674,9.75,9.5
0,-26.48,44.163,10,9.75
-0.1,-30.849,54.752,10,9.75
0,-2.776,29.556,10,9.75
0,-30.338,-1.72,10,9.75
0,-23.686,-9.348,10,9.75
0,-21.785,-3.246,10,9.75
0,-6.578,-7.06,10,9.75
0.1,-7.269,-18.745,10,9.75
-0.2,-26.809,-54.293,10,9.75
0,-39.51,-77.189,10,9.75
0,-152.844,-128.402,10,9.75
0,-164.569,-127.197,10,9.75
-0.1,-172.385,-144.067,10,9.75
0,-98.132,-133.825,10,9.75
0,-87.702,-126.749,10,9.75
0,-96.945,-142.868,10,9.75
0.3,-157.029,-164.63,10,9.75
-0.4,-165.349,-109.823,10,9.75
0,-153.332,-49.375,10,9.75
0,-145.013,-46.15,10,9.75
0,-120.979,-44.539,10,9.75
0,-115.6,-17.618,10,9.75
0,-80.958,-14.713,10,9.75
0,-76.703,-28.657,10,9.75
0,-86.428,-55.383,10,9.75
0,-68.803,-48.992,10,9.75
0,-53.608,-32.143,10,9.75
0,-110.737,-64.098,10,9.75
0.4,-107.958,-73.744,10,9.75
-0.5,-93.721,-55.798,10,9.75
0,-93.721,-72.492,10,9.75
0,-138.289,-116.732,10,9.75
0.5,-159.954,-115.063,10,9.75
0,-205.76,-178.084,10,9.75
-0.7,-249.175,-129.307,10,9.75
0,-172.05,-57.65,10,9.75
0,-161.464,-30.886,10,9.75
-0.1,-161.464,-22.252,10,9.75
0,-146.306,-58.636,10,9.75
0,-138.847,-51.687,10,9.75
0,-150.035,-46.822,10,9.75
-0.1,-190.435,-51.687,10,9.75
0,-132.632,-71.144,10,9.75
0,-151.278,-117.705,10,9.75
0,-143.82,-62.805,10,9.75
-0.1,-115.229,-40.568,10,9.75
0,-118.958,-114.23,10,9.75
0,-123.232,-95.558,10.25,10
0,-117.048,-83.412,10,9.75
-0.1,-130.961,-81.27,10,9.75
0,-142.813,-101.987,10,9.75
0,-154.149,-122.705,10,9.75
0,-101.878,-92.356,10,9.75
0.1,-105.035,-85.535,10,9.75
-0.2,-108.192,-80.419,10.25,10
-0.2,-138.708,-144.369,10,9.75
0.4,-60.666,-39.768,10,9.75
-0.5,-98.389,-22.649,10,9.75
0.5,-78.211,-38.89,10,9.75
-0.6,-111.548,-45.914,10,9.75
0,-105.467,-46.03,10,9.75
0,-182.337,-108.92,10.25,10
-0.1,-204.061,-98.438,10.25,10
0,-272.575,-174.431,10.25,10
0,-251.686,-146.131,10,9.75
0,-262.548,-157.66,10,9.75
-0.1,-276.753,-156.612,10,9.75
0,-284.272,-201.684,10,9.75
0,-284.015,-283.793,10.25,10
-0.1,-251.847,-291.443,10.25,10
0,-285.413,-307.92,10.25,10
118.9,-262.336,-324.986,10.25,10
-119,-270.728,-379.713,10.25,10
0,-326.672,-352.056,10.25,10
-0.1,-98.571,-150.244,10.25,10
0,-110.988,-152.779,10.25,10
0,-115.127,-118.552,10.25,10
-0.1,-86.154,-73.549,10.25,10
0,-144.9,-127.303,10.25,10
0,-202.258,-172.341,10.25,10
0,-220.581,-134.715,10.25,10
0,-186.325,-93.668,10.25,10
0,-66.033,-70.294,10.25,10
0,-127.688,73.784,10.25,10
0,-64.596,79.081,10.25,10
0,-82.965,422.777,10.25,10
0,-105.326,235.627,10.25,10
-0.1,-88.555,132.636,10.25,10
0,-51.819,40.238,10.25,10
0,-15.888,19.044,10.25,10
0,-5.832,5.976,10.25,10
-0.1,-4.575,7.376,10.25,10
0,-27.199,5.976,10.25,10
0,-34.112,11.576,10.25,10
0,-57.364,16.243,10.25,10
-0.1,-58.621,6.909,10.25,10
0,-53.594,10.643,10.25,10
0,-64.316,13.23,10.25,10
0,-79.11,8.836,10.25,10
0.5,-87.74,7.078,10.25,10
-0.6,-200.544,-43.017,10.25,10
0,-223.352,-43.017,10.25,10
0,-190.682,-13.575,10.25,10
-0.2,-227.256,-18.554,10.25,10
0,-400.969,-144.785,10.25,10
0,-355.576,-131.419,10.25,10
-0.1,-480.405,-269.53,10.25,10
-0.1,-438.505,-292.796,10.25,10
0,-212.416,-261.114,10.25,10
0,-221.896,-282.61,10.25,10
-0.1,-111.645,-159.845,10.25,10
0,-92.635,-112.704,10.25,10
-0.1,-176.275,70.461,10.25,10
0,-216.193,-45.429,10.25,10
-0.1,-297.832,-25.906,10.25,10
0,-332.695,1.943,10.5,10.25
-0.1,-490.855,-2.699,10.5,10.25
0,-549.528,-97.383,10.5,10.25
0.4,-566.535,-63.501,10.5,10.25
-0.6,-587.793,-78.353,10.5,10.25
0,-404.312,-2.411,10.5,10.25
-0.1,-272.319,9.184,10.5,10.25
0,9.838,336.038,10.5,10.25
0,-3.075,212.916,10.5,10.25
0,-35.594,103.044,10.5,10.25
0,-50.689,-34.868,10.75,10.5
0,-52.01,-56.715,10.75,10.5
0,-129.297,-74.589,10.5,10.25
-0.1,-149.775,-66.645,10.5,10.25
-0.4,-166.289,-54.232,10.5,10.25
0.2,-231.174,-158.093,10.5,10.25
-0.4,-250.541,-104.383,10.5,10.25
0,-198.282,-80.954,10.5,10.25
0,-174.227,-79.782,10.5,10.25
-0.1,-209.066,-90.325,10.5,10.25
0,-152.66,-26.48,10.5,10.25
0,-114.503,-29.994,10.75,10.5
0.1,-150.172,-54.01,10.75,10.5
0,-67.795,8.939,10.75,10.5
0,-50.903,-11.111,10.75,10.5
0,-46.174,-2.798,10.75,10.5
0,-42.12,28.01,10.75,10.5
0.4,-45.498,-5.243,10.75,10.5
-0.5,12.609,10.406,10.5,10.25
0,-0.905,12.362,10.5,10.25
0,88.283,49.037,10.5,10.25
0,-106.814,26.409,10.75,10.5
0,-102.375,-9.59,10.75,10.5
0,-104.595,-15.237,10.75,10.5
0,-25.803,-49.825,10.75,10.5
0,-22.473,-49.119,10.75,10.5
0,-16.925,-44.884,10.75,10.5
0,-20.254,-39.237,10.75,10.5
0,-101.266,-90.765,10.75,10.5
0,-126.451,-106.702,10.75,10.5
0,-420.717,-131.822,10.75,10.5
0,-332.12,-18.493,10.75,10.5
0,-316.3,8.962,10.75,10.5
0,-267.256,30.577,10.75,10.5
0,-235.614,38.171,10.75,10.5
0,-172.331,-36.018,10.75,10.5
-0.1,-166.625,-48.93,10.75,10.5
0,-141.494,-75.966,10.75,10.5
-0.1,-118.648,-67.469,10.75,10.5
0,-115.221,-85.236,10.75,10.5
0,-88.947,-94.505,10.75,10.5
0.7,-67.244,-59.745,10.75,10.5
-0.8,-80.951,-104.547,10.75,10.5
0,-80.26,-108.775,10.75,10.5
0,-84.865,-166.947,10.75,10.5
0,-83.023,-201.198,10.75,10.5
-0.1,-83.023,-201.198,10.75,10.5
0,-40.649,-52.777,10.75,10.5
0,-35.122,-59.845,10.75,10.5
0,-32.359,-73.437,10.75,10.5
121.9,-87.748,-146.439,10.75,10.5
-122,-79.365,-96.23,10.75,10.5
0,-148.527,-123.881,10.75,10.5
0,-133.857,-98.413,10.75,10.5
-0.1,-145.733,-79.493,10.75,10.5
0,-166.691,-33.65,10.75,10.5
-0.1,-60.271,-0.958,10.75,10.5
0.2,-43.557,8.646,10.75,10.5
-0.3,-143.838,1227.609,10.75,10.5
0,26.48,1083.556,10.75,10.5
0,223.859,634.248,10.75,10.5
0,133.924,415.424,11,10.75
0,-19.476,71.124,11,10.75
0,-34.115,63.212,11,10.75
0,-58.819,28.742,11,10.75
0,-63.395,15.744,11,10.75
-0.2,-119.208,-50.372,11,10.75
0,-164.925,-169.665,11.25,11
-0.1,-200.81,-252.111,11.25,11
0,-364.983,-183.542,11.25,11
-0.1,-407.147,-219.459,11.25,11
0,-380.234,-196.603,11.25,11
-0.1,-373.954,-221.092,11.25,11
0,-382.028,-128.034,11.25,11
0,-298.789,-119.874,11.25,11
-0.1,-232.121,-112.321,11.25,11
0,-284.581,-169.994,11.25,11
0,-284.581,-169.994,11.25,11
0,-256.165,-100.649,11.25,11
122.9,-229.935,-91.037,11.25,11
-123,-212.448,-38.17,11.25,11
0,-189.497,-19.633,11.25,11
0,-135.944,-116.441,11.5,11.25
0,-122.539,-129.116,11.5,11.25
0,-127.7,-156.142,11.5,11.25
0,-140.603,-166.152,11.5,11.25
0,-37.38,-53.042,11.5,11.25
-0.1,-24.477,-39.029,11.5,11.25
0,-8.994,-20.01,11.5,11.25
0,5.199,14.023,11.5,11.25
0,5.173,8.096,11.5,11.25
0,6.168,-0.349,11.5,11.25
0,-1.794,-2.947,11.5,11.25
0,9.154,23.036,11.5,11.25
0,11.145,15.891,11.5,11.25
0,13.135,11.344,11.5,11.25
0,-0.799,-0.998,11.5,11.25
0.1,-0.799,4.198,11.5,11.25
-0.2,-1.794,52.266,11.5,11.25
0,9.742,48.901,11.5,11.25
0,14.603,31.093,11.5,11.25
0,23.514,37.504,11.5,11.25
0,21.083,53.175,11.5,11.25
0,8.122,43.915,11.5,11.25
0,-5.651,58.873,11.5,11.25
0,6.501,48.901,11.5,11.25
0,38.697,47.969,11.5,11.25
0,28.604,40.609,11.5,11.25
0,28.604,40.609,11.5,11.25
0,19.23,0.865,11.5,11.25
0,12.02,-3.551,11.5,11.25
0,10.578,7.489,11.5,11.25
-0.1,6.973,8.225,11.5,11.25
0,19.9,13.267,11.5,11.25
0,42.485,18.208,11.5,11.25
0,54.442,31.793,11.5,11.25
-0.1,56.435,25.618,11.5,11.25
0,56.435,28.706,11.5,11.25
0,33.85,23.765,11.5,11.25
0.4,37.835,31.176,11.5,11.25
-0.5,47.135,55.26,11.5,11.25
0,71.949,34.467,11.5,11.25
0,66.981,23.875,11.5,11.25
0,6.119,-3.088,11.5,11.25
0,19.782,17.134,11.5,11.25
0,11.859,14.304,11.5,11.25
0,11.859,11.567,11.5,11.25
0,10.91,4.039,11.5,11.25
0.5,5.213,7.461,11.5,11.25
-0.6,-30.859,-26.753,11.5,11.25
0.6,-24.215,-34.965,11.5,11.25
-0.7,-10.926,-15.121,11.5,11.25
0,-29.567,-25.317,11.5,11.25
0,-33.426,-13.772,11.5,11.25
0,-25.707,-21.922,11.5,11.25
-0.1,-25.707,-21.922,11.5,11.25
0,-45.006,-37.542,11.5,11.25
-0.1,-21.847,-23.28,11.5,11.25
0,-40.374,-17.847,11.5,11.25
123.9,-28.795,-5.622,11.5,11.25
-124,-35.873,2.721,11.5,11.25
0,-39.503,28.987,11.5,11.25
0,-42.225,50,11.5,11.25
0,154.666,254.221,11.5,11.25
0,166.462,248.967,11.5,11.25
0,176.442,210.881,11.5,11.25
-0.1,158.296,177.392,11.5,11.25
0,142.871,40.151,11.5,11.25
0,95.648,6.809,11.5,11.25
0,51.789,-3.019,11.5,11.25
0,41.555,-5.967,11.5,11.25
-0.2,32.052,-11.372,11.5,11.25
0,13.046,-9.406,11.5,11.25
0,7.93,-15.794,11.5,11.25
-0.1,-1.573,-26.604,11.5,11.25
-0.1,-7.422,-15.794,11.5,11.25
0,-9.31,-14.821,11.5,11.25
-0.1,-22.601,-31.288,11.5,11.25
0,-55.091,-46.619,11.5,11.25
0.6,-102.349,-56.84,11.5,11.25
-0.8,-104.563,-55.705,11.5,11.25
0,-101.609,-19.364,11.25,11
0.8,-86.097,-17.947,11.25,11
-0.9,-65.465,-27.994,11.25,11
-0.1,-55.149,-29.052,11.25,11
0,-118.764,-76.643,11.25,11
0,-188.396,-133.752,11.25,11
-0.2,-245.134,-220.474,11.25,11
0,-294.711,-115.633,11.25,11
0,-313.809,-152.945,11.25,11
-0.1,-313.809,-166.787,11.25,11
0,-297.726,-180.628,11.25,11
-0.1,-297.726,-180.628,11.25,11
0.4,-315.819,-627.174,11.25,11
0,-314.814,-696.382,11.25,11
-0.6,-586.472,-862.88,11.25,11
0,-711.27,-900.48,11.25,11
0,-738.4,-891.967,11.25,11
-0.1,-778.19,-762.141,11.25,11
0,-537.639,-157.706,11,10.75
-0.1,-413.746,-12.983,11,10.75
0,-135.321,156.66,11,10.75
0,-115.64,151.14,11,10.75
-0.1,-137.289,112.499,11,10.75
0,-141.226,103.529,11,10.75
125.9,-80.213,25.557,11,10.75
-126,-84.805,15.897,11,10.75
0,-84.805,20.037,11,10.75
-0.1,-106.455,33.148,11,10.75
0,-93.958,38.208,11,10.75
0,-126.962,65.852,11,10.75
-0.1,-125.021,84.767,11,10.75
0,-7.89,38.936,11,10.75
0,-6.595,35.299,11,10.75
-0.1,-0.124,14.929,11,10.75
0,4.406,18.567,11,10.75
0,-20.832,70.217,11,10.75
0,-13.558,41.604,11,10.75
-0.1,-6.437,14.603,11,10.75
0,12.891,6.788,11,10.75
0,-36.955,-2.449,11,10.75
0.4,-24.748,5.366,11,10.75
-0.5,-30.852,40.893,11,10.75
0,-32.795,34.417,11,10.75
0,-31.339,25.218,11,10.75
0,-50.26,31.657,11,10.75
0,-16.784,17.858,10.75,10.5
-0.1,-18.24,14.179,10.75,10.5
0,-82.281,27.977,10.75,10.5
-0.1,-88.524,20.128,10.75,10.5
0,-99.552,20.128,10.75,10.5
0,-103.228,22.06,10.75,10.5
0,-108.741,22.704,10.75,10.5
-0.1,-108.741,22.704,10.75,10.5
0,-109.66,33.921,10.75,10.5
0,-76.831,23.038,10.75,10.5
0,-75.543,20.174,10.75,10.5
0.8,-75.543,4.709,10.5,10.25
-0.9,-70.394,0.126,10.5,10.25
-0.1,-140.567,-25.194,10.5,10.25
0,-151.319,-27.66,10.5,10.25
0,-151.319,-22.729,10.5,10.25
0,-139.492,-17.799,10.5,10.25
-0.1,-140.567,-22.729,10.25,10
0,-114.2,-32.503,10.25,10
0,-118.751,-26.095,10.25,10
0,-114.2,-14.704,10.25,10
0,-100.547,-3.312,10.25,10
0,-100.547,-3.312,10.25,10
0,-95.996,-24.671,10.25,10
0,-95.996,-33.927,10.25,10
0.1,-105.098,-24.671,10.25,10
0,-103.277,-17.552,10.25,10
0,-45.309,18.036,10.25,10
0,-38.588,12.531,10.25,10
0,-33.788,10.696,10.25,10
-0.1,-21.307,7.638,10,9.75
0,-8.826,-10.711,10,9.75
0,-22.267,-22.944,10,9.75
0,-50.659,-10.97,10,9.75
0,-45.605,-10.296,10,9.75
0,-40.55,2.497,10,9.75
0,-35.496,12.597,10,9.75
0.1,4.942,-1.543,9.75,9.5
0,143.541,64.636,9.75,9.5
0.1,172.061,68.456,9.75,9.5
0,212.124,72.276,9.75,9.5
0.9,248.791,105.891,9.75,9.5
-0.8,504.786,214.379,9.75,9.5
0,575.406,194.515,9.75,9.5
0,607.999,167.011,9.75,9.5
0.1,574.047,112.767,9.75,9.5
0,203.975,16.504,9.75,9.5
0,162.039,-7.706,9.75,9.5
0.1,123.174,-38.437,9.75,9.5
0.6,69.36,-46.632,9.75,9.5
-0.5,36.474,-18.974,9.75,9.5
0,35.478,-29.218,9.75,9.5
0,33.484,-32.291,9.75,9.5
0.5,30.495,-33.315,9.75,9.5
-0.4,39.464,-11.804,9.75,9.5
0,42.715,-7.92,9.75,9.5
0,42.715,-7.92,9.75,9.5
0,24.908,-6.766,9.75,9.5
0,0.424,29.031,9.5,9.25
0.4,-5.141,32.495,9.5,9.25
-0.4,-2.915,7.091,9.75,9.5
0,6.762,20.463,9.75,9.5
0,13.157,23.904,9.5,9.25
0,-4.43,8.765,9.75,9.5
0,-3.631,13.582,9.5,9.25
0,-14.023,20.463,9.5,9.25
0,-34.009,23.904,9.5,9.25
0,-8.427,-7.063,9.5,9.25
0,3.588,5.539,9.5,9.25
0,-4.183,0.857,9.5,9.25
-0.1,-37.485,-28.008,9.5,9.25
0.1,8.737,10.97,9.5,9.25
0,10.395,-3.56,9.5,9.25
0,1.278,-9.505,9.5,9.25
0.4,-2.866,-11.486,9.5,9.25
-0.3,-5.352,-2.9,9.25,9
0,0.449,8.988,9.25,9
0.3,-6.181,3.044,9.25,9
-0.2,6.783,1.014,9.25,9
0,19.555,3.4,9.25,9
0,21.296,4.594,9.25,9
0.1,19.555,-3.161,9.25,9
0,32.908,12.349,9.25,9
0.1,46.841,21.297,9.25,9
0,51.485,73.793,9.25,9
0,87.768,92.253,9.25,9
0.1,62.695,76.471,9.25,9
0,48.904,40.553,9.25,9
0,50.158,26.404,9.25,9
0.1,50.158,26.404,9.25,9
0,2.519,20.962,9.25,9
0.1,6.907,26.404,9.25,9
0,-7.953,24.426,9.25,9
0.2,1.178,22.493,9.25,9
0,-15.055,23.46,9.25,9
0,-0.852,17.661,9.25,9
0.1,5.236,14.762,9.25,9
0.4,5.236,7.998,9.25,9
-0.3,-10.295,-4.927,9.25,9
0,-11.268,-10.363,9.25,9
0,-19.053,8.965,9.25,9
0.3,-21.973,1.717,9,8.75
-0.2,-48.248,54.869,9,8.75
0,-46.301,58.493,9,8.75
0,-45.328,16.817,9,8.75
0,-161.047,37.976,9,8.75
0,-145.694,97.633,9,8.75
0.2,-121.482,181.052,9,8.75
-0.1,-84.87,142.123,9.25,9
0,-52.392,90.049,9.25,9
0,-35.857,58.198,9.25,9
0.1,-35.857,47.581,9.25,9
0,-30.542,38.987,9.25,9
0,-16.812,13.703,9.25,9
0.1,-17.529,-1.277,9.25,9
0.1,-28.287,-10.015,9.25,9
0.1,-5.338,-7.519,9.25,9
0,-2.469,-6.27,9.25,9
0,-8.206,-7.519,9.25,9
0.1,-18.247,-8.767,9.25,9
0,-10.358,17.447,9.25,9
0,-4.066,18.417,9.25,9
0,3.727,26.855,9.25,9
0,-2.508,33.887,9.25,9
0,-10.301,44.435,9.25,9
0.6,13.857,21.933,9.25,9
-0.5,14.637,17.714,9.25,9
0,16.975,14.901,9.25,9
0,9.961,17.011,9.25,9
0.1,31.002,52.872,9.5,9.25
0,25.65,49.233,9.5,9.25
0.1,6.078,27.113,9.5,9.25
0.1,9.482,16.704,9.5,9.25
0,35.861,21.908,9.5,9.25
0.1,35.011,19.306,9.5,9.25
0.2,32.458,4.342,9.5,9.25
0,13.373,-22.315,9.5,9.25
0.9,-15.763,-22.981,9.5,9.25
-0.9,-7.194,12.3,9.5,9.25
0,9.945,-1.68,9.5,9.25
-0.1,6.517,-9.668,9.5,9.25
0,7.129,38.428,9.5,9.25
0,3.917,53.509,9.5,9.25
-0.1,1.347,61.83,9.5,9.25
-0.1,0.705,65.99,9.5,9.25
0.2,-13.429,13.986,9.75,9.5
-0.1,-15.356,11.385,9.75,9.5
0,-22.423,20.226,9.75,9.5
0.1,-19.779,52.433,10,9.75
0,-15.554,48.774,10,9.75
0,-15.554,28.388,10,9.75
0,-21.59,24.206,10,9.75
0.2,-21.59,24.206,10,9.75
0,-18.572,-11.339,10.25,10
0,-21.59,-14.998,10.25,10
0,-41.602,-17.51,10.25,10
123.8,-35.333,-21.824,10.25,10
-124,-125.886,-11.04,10,9.75
0,-130.065,-8.164,10,9.75
-0.1,-127.975,10.528,10.25,10
0.1,-99.883,4.477,10.25,10
-0.2,-91.244,7.596,10.25,10
0,-96.742,-8.78,10.25,10
0,-57.475,-5.661,10.25,10
0,-89.674,-33.734,10.5,10.25
0.1,-110.878,-35.294,10.5,10.25
0,-118.731,-18.138,10.75,10.5
0,-141.926,-14.646,10.75,10.5
0.1,-73.151,1.148,10.75,10.5
0,-59.547,-1.221,10.75,10.5
0,-15.713,-2.801,10.75,10.5
0,-21.759,-13.065,10.75,10.5
0,-50.478,-13.855,10.75,10.5
0,-20.247,2.728,10.75,10.5
0,-4.376,5.886,10.75,10.5
0,-6.204,-0.896,10.75,10.5
0,-31.251,-10.268,10.75,10.5
-0.1,-43.311,15.84,10.75,10.5
0,-21.047,58.017,10.75,10.5
0,-21.975,44.627,11,10.75
0,-8.987,17.179,11,10.75
0,-46.07,0.853,11,10.75
0,-146.013,-0.852,11,10.75
0,-171.783,19.605,11,10.75
0,-102.642,-3.693,11,10.75
0,-108.927,-15.627,11,10.75
0,-152.927,-7.671,11,10.75
-0.1,-191.897,11.649,11.25,11
0,-206.354,-38.356,11.25,11
-0.1,-197.828,-34.5,11.25,11
0,-308.454,-49.349,11.25,11
0.3,-300.937,24.899,11.25,11
-0.4,-261.196,15.17,11.25,11
-0.2,-267.641,-9.409,11.25,11
0,-191.88,-10.945,11.5,11.25
-0.1,-200.958,11.145,11.5,11.25
0.7,-175.741,0.1,11.5,11.25
-0.8,-316.954,9.567,11.5,11.25
0,-228.562,-71.04,11.75,11.5
0,-264.162,-108.169,11.75,11.5
0,-328.973,-116.125,11.75,11.5
0.8,-188.396,-73.029,11.75,11.5
-0.9,-349.056,-111.484,11.75,11.5
0,-393.784,-193.034,11.75,11.5
124.9,-257.992,-129.584,11.75,11.5
-125,-218.442,-92.577,11.75,11.5
-0.2,-209.454,-66.742,11.75,11.5
0,-100.693,54.752,11.75,11.5
0,-82.716,28.917,11.75,11.5
-0.2,-67.436,21.935,11.75,11.5
0,1.85,5.66,11.75,11.5
-0.1,-5.086,0.922,11.75,11.5
0,-50.168,4.475,11.75,11.5
0,-44.966,9.214,11.75,11.5
0,-51.035,9.806,11.75,11.5
0,-87.447,5.068,11.75,11.5
0,-27.627,16.321,11.75,11.5
0,-46.717,18.257,11.75,11.5
0,-68.871,26.713,11.75,11.5
0,-107.271,27.317,11.75,11.5
0,-88.81,46.043,11.75,11.5
-0.1,-114.656,75.641,11.75,11.5
0,-91.763,70.205,11.75,11.5
0,-55.578,27.922,11.75,11.5
0,-45.166,14.637,11.75,11.5
0,-75.236,9.493,11.75,11.5
0,-85.26,8.024,11.75,11.5
0,-60.201,-49.287,11.75,11.5
0,-96.954,-111.007,11.75,11.5
0,-142.895,-116.15,11.75,11.5
0,-90.271,-64.717,11.75,11.5
0.6,-71.713,-52.9,11.75,11.5
0,-116.814,-91.221,11.75,11.5
-0.5,-159.1,-76.267,11.75,11.5
0,-6.879,49.91,11.75,11.5
0.1,-4.061,48.976,11.75,11.5
0,11.443,254.598,11.75,11.5
0,151.02,307.014,11.75,11.5
0,268.485,351.604,11.75,11.5
0,328.724,331.857,11.75,11.5
0,468.777,656.726,11.75,11.5
0,465.766,619.143,11.75,11.5
0.4,381.432,448.428,11.75,11.5
0,298.604,249.047,11.75,11.5
-0.5,338.121,195.548,11.75,11.5
0,301.17,175.873,11.75,11.5
0,127.504,120.782,11.75,11.5
0,134.895,124.717,11.75,11.5
-0.1,110.26,113.474,11.75,11.5
0,107.332,96.551,11.75,11.5
0,83.219,68.163,11.75,11.5
-0.1,62.395,52.238,11.75,11.5
0,55.818,52.93,11.75,11.5
0,26.225,9.31,11.75,11.5
0,48.145,10.002,11.75,11.5
0,26.695,16.635,11.75,11.5
0,37.439,19.872,11.75,11.5
0,32.834,23.109,11.75,11.5
-0.1,34.369,27.967,11.75,11.5
0,106.514,76.532,11.75,11.5
-0.1,134.144,99.196,11.5,11.25
0,86.389,116.575,11.5,11.25
0,68.008,123.769,11.5,11.25
0,46.563,115.856,11.5,11.25
0,78.22,142.47,11.5,11.25
-0.1,78.22,142.47,11.5,11.25
0,78.22,57.594,11.5,11.25
0,108.855,84.927,11.5,11.25
0,87.41,44.646,11.5,11.25
0,87.41,44.646,11.5,11.25
0,144.14,82.225,11.75,11.5
0,147.321,83.851,11.75,11.5
0,61.431,35.06,11.75,11.5
0,69.384,10.664,11.75,11.5
0,79.722,-15.358,11.75,11.5
0,102.785,-53.848,11.75,11.5
0,102.785,-63.607,11.5,11.25
-0.1,98.007,-96.989,11.5,11.25
-0.1,19.125,-51.858,11.5,11.25
0,31.346,-53.269,11.5,11.25
0.2,28.013,-75.834,11.5,11.25
-0.3,-34.204,-80.77,11.5,11.25
0,-66.424,-6.727,11.5,11.25
0.3,-56.767,-7.501,11.5,11.25
-0.4,-89.492,-9.488,11.5,11.25
0,-103.644,-10.15,11.5,11.25
0.4,-283.191,-83.664,11.5,11.25
-0.5,-326.531,-83.001,11.5,11.25
0,-283.191,-60.484,11.5,11.25
0,-261.08,-18.097,11.5,11.25
-0.1,-206.928,-32.792,11.5,11.25
0,-183.852,-45.848,11.5,11.25
0,-152.23,-56.729,11.5,11.25
0,-152.23,-56.729,11.5,11.25
-0.1,-180.434,-41.496,11.5,11.25
0,-148.811,-20.824,11.5,11.25
0,-136.846,-23.544,11.5,11.25
-0.1,-94.967,-2.871,11.5,11.25
0,-16.142,-19.454,11.5,11.25
-0.1,-11.268,-54.626,11.25,11
-0.1,-7.612,-57.264,11.25,11
0,-17.361,-101.229,11.25,11
0,-19.798,-111.78,11.25,11
0,-66.107,-139.039,11.25,11
-0.1,-125.821,-134.642,11.25,11
-0.1,-104.65,-70.326,11.25,11
0,-100.405,-82.558,11.25,11
0,-114.2,-103.802,11.25,11
0,-147.097,-107.021,11.25,11
-0.1,-72.814,-34.919,11.25,11
-0.1,-61.161,-7.331,11,10.75
0,-54.246,-5.47,11,10.75
0,-62.891,-11.673,11,10.75
-0.1,-79.314,0.733,11,10.75
0,5.4,21.825,11,10.75
0,28.24,36.884,11,10.75
0,11.357,12.812,11,10.75
-0.1,7.84,7.001,10.75,10.5
0,-15.374,46.015,10.75,10.5
0,73.261,349.828,10.75,10.5
0,244.903,436.987,10.75,10.5
0,268.117,328.245,10.75,10.5
0.1,223.799,275.95,10.75,10.5
0,170.696,155.672,10.75,10.5
0,154.028,125.922,10.75,10.5
0,115.929,107.742,10.75,10.5
0,121.485,100.305,10.75,10.5
0.1,121.485,100.305,10.75,10.5
0,33.381,41.632,10.75,10.5
0,31,68.076,10.75,10.5
0,-3.13,85.43,10.75,10.5
0.1,-10.274,83.777,10.75,10.5
0,-16.543,39.75,10.5,10.25
0,-11.419,-9.448,10.25,10
0.3,-48.62,-47.593,10.25,10
0,-63.584,-40.63,10.25,10
0,-66.577,-31.579,10.25,10
-0.4,-71.066,-58.036,10.25,10
0,-96.505,-74.746,10.25,10
0.4,-105.483,-79.619,10.25,10
-0.3,-81.541,-51.074,10.25,10
0,-78.263,-37.632,10.25,10
0,-89.329,-30.906,10.25,10
0,-96.442,-31.867,10.25,10
0,-137.542,-14.571,10.25,10
0.1,-149.397,-13.61,10.25,10
0,-204.724,-29.945,10.25,10
0,-245.823,-33.789,10.25,10
0,-219.741,-7.845,10.25,10
0.1,-191.471,-6.56,10.25,10
0,-169.752,-13.746,10.25,10
0,-169.029,-10.552,10.25,10
0.1,-109.664,-26.521,10.25,10
0,-119.799,-20.932,10.25,10
0,-145.862,-12.947,10.25,10
0,-115.456,24.579,10,9.75
0,-123.774,-38.418,10,9.75
0,-118.476,-37.174,10,9.75
0,-121.788,-34.687,10,9.75
0,-117.813,-43.393,10,9.75
0,-75.516,23.044,10,9.75
0,-54.182,27.604,10,9.75
0,-47.071,22.284,10,9.75
0,-52.602,24.564,10,9.75
0.2,-17.836,50.401,9.75,9.5
0,5.535,37.63,10,9.75
0.1,7.791,28.553,10,9.75
0,2.526,13.7,10,9.75
0.2,1.022,4.624,10,9.75
0.1,-12.517,2.973,9.75,9.5
0.1,-12.517,7.099,9.75,9.5
0,-7.346,26.851,9.75,9.5
0.1,-16.58,22.559,9.75,9.5
0,-13.028,26.851,9.75,9.5
0.1,-8.766,35.435,9.75,9.5
0,-6.635,9.683,9.5,9.25
0.1,-21.552,7.536,9.5,9.25
0,-11.36,21.574,9.5,9.25
0,-8.961,21.574,9.5,9.25
0,-7.362,15.293,9.5,9.25
0,-9.761,18.434,9.5,9.25
1,-9.761,18.434,9.5,9.25
-0.8,-8.162,10.583,9.5,9.25
0.8,-2.564,10.583,9.5,9.25
-0.6,7.829,12.938,9.5,9.25
0,63.728,10.436,9.5,9.25
0.3,56.648,1.39,9.5,9.25
0,79.461,-82.428,9.5,9.25
0.3,51.928,-81.825,9.5,9.25
-0.2,36.982,-64.338,9.5,9.25
0.2,36.195,-45.042,9.5,9.25
0,55.075,-5.846,9.5,9.25
0.1,59.238,-12.959,9.5,9.25
0,57.639,-29.248,9.5,9.25
0.1,31.256,-27.832,9.5,9.25
0,73.629,21.037,9.25,9
0.1,87.22,14.663,9.25,9
0,36.053,46.533,9.25,9
0,47.19,55.086,9.25,9
0,47.19,57.609,9.25,9
0,47.19,52.562,9.25,9
0,48.165,24.808,9.25,9
0,48.165,19.762,9.25,9
0,19.914,7.988,9.25,9
0,16.018,9.67,9.25,9
0,22.837,14.716,9.25,9
0.7,24.732,29.236,9.25,9
-0.6,36.654,31.863,9.25,9
0.1,44.317,22.229,9.25,9
0,84.338,18.726,9.25,9
0,66.456,10.843,9.25,9
0,43.466,3.837,9.25,9
0.1,17.069,-0.542,9.25,9
0,33.248,34.491,9.25,9
0.1,56.627,48.435,9.25,9
0,88.65,64.904,9.25,9
0.1,74.324,53.675,9.25,9
0,108.875,76.882,9.25,9
0,109.718,76.882,9.25,9
-0.1,57.47,67.15,9.25,9
0,25.421,-8.941,9.25,9
0,38.744,-13.608,9.5,9.25
0,23.201,-14.274,9.5,9.25
0,13.858,-2.148,9.5,9.25
0,7.679,-1.41,9.5,9.25
0,16.948,-8.787,9.5,9.25
0.1,6.134,-9.525,9.5,9.25
0,-0.047,-2.148,9.5,9.25
0.2,2.751,-11.373,9.75,9.5
-0.1,2.751,-12.168,9.75,9.5
0,2.751,-11.373,9.75,9.5
0.1,3.9,6.133,9.75,9.5
0,-67.329,-15.351,9.75,9.5
0,-35.467,1.082,9.75,9.5
0,-56.689,-7.511,9.75,9.5
0,-78.833,-28.277,9.75,9.5
-0.1,-68.683,-43.315,9.5,9.25
-0.1,-86.214,-18.252,9.5,9.25
0,-76.988,-22.549,9.75,9.5
-0.1,-97.286,-39.735,9.75,9.5
-0.1,-100.131,-30.121,9.75,9.5
-0.1,-105.492,-53.695,9.75,9.5
0,-198.784,-136.612,9.75,9.5
0,-176.266,-125.231,9.75,9.5
0,-219.158,-104.096,9.75,9.5
0,-239.532,-139.864,10,9.75
0,-396.091,58.486,10,9.75
0,-463.981,86.058,10,9.75
0,-485.111,421.84,10,9.75
0,-337.204,368.638,10,9.75
0.5,-50.897,93.908,10,9.75
-0.4,-64.632,89.547,10,9.75
0,-49.841,73.848,10,9.75
0,-27.655,18.03,10,9.75
0,-21.827,13.53,10,9.75
0,-28.305,16.284,10,9.75
0,-30.464,15.366,10,9.75
0,-35.862,47.502,10,9.75
0,-34.782,30.975,10,9.75
-0.1,-58.533,42.912,10,9.75
0,-80.124,17.203,10,9.75
0,-68.528,31.109,10,9.75
0,-65.516,45.852,10,9.75
0,-60.495,46.835,10.25,10
0,-53.467,-3.291,10.25,10
0,-61.5,-2.308,10.25,10
0,-60.495,4.572,10.25,10
0.1,-89.615,21.28,10.25,10
0,-18.323,6.538,10.25,10
0,-4.801,-7.298,10.25,10
0.1,-2.971,2.155,10.25,10
0,-5.716,0.382,10.25,10
0,-2.056,2.745,10.25,10
0.1,7.094,6.881,10.25,10
0,74.463,-92.063,10,9.75
0,77.933,-138.418,10,9.75
-0.1,64.92,-177.454,10,9.75
0,-220.765,-234.941,10,9.75
0,-309.679,-215.597,10,9.75
0,-296.238,-132.034,10,9.75
0,-276.595,-94.121,10,9.75
0,-218.697,-104.179,10,9.75
-0.1,-169.071,-91.026,10,9.75
-0.1,-59.479,-31.448,10,9.75
0,-0.074,10.502,10,9.75
0,2.453,12.179,10,9.75
-0.1,3.717,13.018,10,9.75
-0.1,-0.074,15.533,10,9.75
0,-15.24,23.078,10,9.75
0,-15.66,16.224,10.25,10
0,-9.504,12.666,10.25,10
0,-13.198,19.781,10.25,10
0,-35.362,46.46,10.25,10
0,-15.66,46.46,10.25,10
0,-18.123,94.483,10.25,10
0,-24.28,198.532,10.25,10
0,-13.198,237.661,10.25,10
0,23.812,51.646,10.25,10
0.7,-8.208,16.232,10.25,10
-0.8,-1.64,43.313,10.25,10
